Player,Team,Season,Season Type,Games,Less than 8ft. %,8-16 feet %,16-24 feet %,24+ feet %,Back Court Shots %,Less than 8ft. usage %,8-16 feet usage %,16-24 feet usage %,24+ feet usage %,Back Court Shots usage %,Avg. Shot Dis.(ft.),Avg. Made Shot Dis.(ft.),Avg. Missed Shot Dis.(ft.)
Russell Westbrook,Thunder,2016-2017,REG,81,0.542,0.416,0.345,0.344,0,33.97,19.23,16.75,30,0.05,13.35,11.29,14.87
James Harden,Rockets,2016-2017,REG,81,0.588,0.399,0.427,0.349,0,34.71,10.65,5.36,49.02,0.26,15.42,12.61,17.63
Isaiah Thomas,Celtics,2016-2017,REG,76,0.541,0.492,0.5,0.38,0,41.79,8.41,6.21,43.52,0.07,13.75,11.85,15.4
Anthony Davis,Pelicans,2016-2017,REG,75,0.606,0.471,0.413,0.303,0,45.88,22.51,22.84,8.64,0.13,10.14,8.12,12.19
DeMar DeRozan,Raptors,2016-2017,REG,74,0.565,0.499,0.385,0.273,0,32.75,28.28,30.94,7.83,0.19,12.11,10.37,13.63
Damian Lillard,Trail Blazers,2016-2017,REG,75,0.535,0.399,0.453,0.372,0,35.95,11.63,13.64,38.64,0.13,14.59,12.73,16.08
DeMarcus Cousins,"Kings, Pelicans",2016-2017,REG,72,0.536,0.311,0.372,0.366,0,53.46,7.2,13.91,25.02,0.42,11.16,9.04,12.91
LeBron James,Cavaliers,2016-2017,REG,74,0.721,0.406,0.307,0.365,0,51.75,12.66,10.2,25.32,0.07,10.55,7.13,14.69
Kawhi Leonard,Spurs,2016-2017,REG,74,0.614,0.462,0.495,0.382,0,26.49,23.13,20.99,29.39,0,14.35,12.71,15.89
Stephen Curry,Warriors,2016-2017,REG,79,0.596,0.439,0.455,0.419,0.05,26.98,6.8,11.58,53.26,1.39,17.88,15.65,19.83
Kyrie Irving,Cavaliers,2016-2017,REG,72,0.545,0.446,0.485,0.406,0,35.19,19.46,14.39,30.75,0.21,13.46,12.17,14.61
Karl-Anthony Towns,Timberwolves,2016-2017,REG,82,0.641,0.446,0.416,0.371,0,58.69,11.83,10.89,18.39,0.2,9.22,7.03,11.82
Kevin Durant,Warriors,2016-2017,REG,62,0.728,0.438,0.555,0.377,0,34.7,19.79,15.11,30.21,0.19,13.35,10.57,16.57
Jimmy Butler,Bulls,2016-2017,REG,76,0.584,0.407,0.366,0.373,0,37.22,19.81,23.16,19.49,0.32,12.37,10.2,14.19
Paul George,Pacers,2016-2017,REG,75,0.572,0.423,0.484,0.393,0,21.03,14.04,28.38,36.48,0.07,16.57,15.29,17.66
Andrew Wiggins,Timberwolves,2016-2017,REG,82,0.572,0.374,0.383,0.36,0,40.08,16.21,25.34,18.25,0.13,12.11,9.97,13.88
Kemba Walker,Hornets,2016-2017,REG,79,0.513,0.395,0.43,0.401,0,35.38,8.9,14.28,41.24,0.21,14.5,13.07,15.64
John Wall,Wizards,2016-2017,REG,78,0.561,0.376,0.389,0.333,0,44.03,13.19,23.87,18.63,0.28,11.42,9.13,13.3
Bradley Beal,Wizards,2016-2017,REG,77,0.582,0.464,0.505,0.405,0,30.96,11.58,15.75,41.48,0.23,15.32,13.56,16.96
CJ McCollum,Trail Blazers,2016-2017,REG,80,0.538,0.522,0.452,0.426,0,28.36,18.86,22.26,30.1,0.42,14.62,13.53,15.62
Giannis Antetokounmpo,Bucks,2016-2017,REG,80,0.645,0.349,0.342,0.282,0,62.42,8.68,14.65,13.85,0.4,8.32,5.05,11.9
Carmelo Anthony,Knicks,2016-2017,REG,74,0.5,0.45,0.456,0.366,0,17.41,23.96,28.42,29.71,0.5,16.09,15.02,16.9
Kyle Lowry,Raptors,2016-2017,REG,60,0.569,0.432,0.4,0.415,0,32.42,9.61,7.1,50.76,0.11,15.98,14.35,17.4
Klay Thompson,Warriors,2016-2017,REG,78,0.608,0.453,0.462,0.414,0,20.19,13.94,18.88,46.99,0,17.17,15.8,18.38
Devin Booker,Suns,2016-2017,REG,78,0.513,0.43,0.381,0.365,0,28.74,20,22.94,28.18,0.14,14.3,12.73,15.45
Gordon Hayward,Jazz,2016-2017,REG,73,0.613,0.449,0.378,0.399,0,31.77,17.75,18.1,32.29,0.09,13.99,11.92,15.85
Blake Griffin,Clippers,2016-2017,REG,61,0.583,0.342,0.436,0.342,0,51.96,8.14,28.35,11.44,0.1,10.18,8.22,12.1
Eric Bledsoe,Suns,2016-2017,REG,66,0.576,0.371,0.332,0.339,0.2,38.67,13.79,17.74,29.32,0.48,13.23,10.59,15.24
Brook Lopez,Nets,2016-2017,REG,75,0.579,0.467,0.326,0.347,0,45.35,18.07,3.67,32.91,0,12.15,9.77,14.28
Mike Conley,Grizzlies,2016-2017,REG,69,0.569,0.4,0.432,0.417,0,30.33,11.4,16.75,40.63,0.89,15.76,14.02,17.24
Goran Dragic,Heat,2016-2017,REG,73,0.572,0.427,0.381,0.406,0,39.91,23.29,11.2,25.6,0,11.93,10.4,13.32
Joel Embiid,76ers,2016-2017,REG,31,0.563,0.333,0.5,0.367,0,48.48,20.28,8.39,22.84,0,10.73,8.93,12.3
Jabari Parker,Bucks,2016-2017,REG,51,0.606,0.286,0.385,0.374,0,53.75,9.47,15.01,21.4,0.37,10.14,7.45,12.72
Marc Gasol,Grizzlies,2016-2017,REG,74,0.567,0.442,0.388,0.391,0,31.47,26.55,18.88,22.93,0.17,13.44,11.91,14.73
Harrison Barnes,Mavericks,2016-2017,REG,79,0.589,0.464,0.399,0.348,0,32.68,23.61,26.43,17.28,0,12.62,10.86,14.16
Kevin Love,Cavaliers,2016-2017,REG,60,0.498,0.447,0.403,0.372,0,33.56,13.15,8.3,44.98,0,14.79,13.25,15.93
Zach LaVine,Timberwolves,2016-2017,REG,47,0.602,0.378,0.411,0.388,0,31.88,6.35,18.19,43.58,0,15.28,13.01,17.22
Rudy Gay,Kings,2016-2017,REG,30,0.592,0.393,0.338,0.382,0,38.24,20.14,16.06,24.89,0.68,12.62,9.97,14.83
Dwyane Wade,Bulls,2016-2017,REG,60,0.535,0.414,0.377,0.31,0,36.23,25.55,23.04,15.18,0,11.84,10.17,13.12
Danilo Gallinari,Nuggets,2016-2017,REG,63,0.611,0.333,0.411,0.388,0,27.07,10.8,18.8,43.33,0,16.11,14.02,17.79
Kristaps Porzingis,Knicks,2016-2017,REG,66,0.563,0.464,0.36,0.358,0,32.52,24.09,11.59,31.81,0,13.62,11.5,15.35
Chris Paul,Clippers,2016-2017,REG,61,0.553,0.522,0.498,0.41,0.5,11.97,23.44,26.11,38.22,0.25,17.61,16.59,18.53
Paul Millsap,Hawks,2016-2017,REG,69,0.531,0.447,0.387,0.312,0,39.92,25.5,9.72,24.76,0.1,11.69,9.63,13.32
Derrick Rose,Knicks,2016-2017,REG,64,0.523,0.413,0.457,0.236,0,56.81,19.34,17.71,5.63,0.51,8.34,6.95,9.58
Dennis Schroder,Hawks,2016-2017,REG,79,0.522,0.395,0.463,0.345,0,46.93,12.21,16.69,24.09,0.08,11.29,9.65,12.66
Lou Williams,"Lakers, Rockets",2016-2017,REG,81,0.54,0.381,0.377,0.367,0.333,33.8,15.55,6.12,44.23,0.3,14.97,13.03,16.42
LaMarcus Aldridge,Spurs,2016-2017,REG,72,0.601,0.39,0.423,0.411,0,35.37,26.41,32.89,5.34,0,11.32,9.93,12.59
Hassan Whiteside,Heat,2016-2017,REG,77,0.61,0.429,0.37,0,0,73.59,18.91,7.5,0,0,5.04,3.78,6.63
George Hill,Jazz,2016-2017,REG,49,0.599,0.49,0.4,0.405,0,30.91,17.19,13.22,38.35,0.33,14.77,12.93,16.46
Evan Fournier,Magic,2016-2017,REG,69,0.541,0.426,0.378,0.358,0,39.96,10.91,10.58,38.34,0.22,13.75,11.58,15.45
Nikola Jokic,Nuggets,2016-2017,REG,73,0.656,0.543,0.552,0.326,0,60.09,13.54,10.15,16.1,0.12,8.96,7.16,11.4
Avery Bradley,Celtics,2016-2017,REG,55,0.573,0.492,0.408,0.39,0,33.51,7.6,23.07,35.7,0.13,14.69,12.72,16.4
Eric Gordon,Rockets,2016-2017,REG,75,0.516,0.286,0.333,0.372,0,26.95,3.46,4.44,64.96,0.2,18.24,16.57,19.38
Tobias Harris,Pistons,2016-2017,REG,82,0.587,0.474,0.487,0.35,0,38.04,21.66,10.83,29.28,0.19,12.78,10.54,14.86
Victor Oladipo,Thunder,2016-2017,REG,67,0.553,0.41,0.44,0.363,0,33.26,14.42,14.42,37.67,0.22,14.11,12.1,15.7
Dion Waiters,Heat,2016-2017,REG,46,0.477,0.25,0.429,0.397,0,40.12,7.24,20.06,32.28,0.3,13.3,12.12,14.16
Wilson Chandler,Nuggets,2016-2017,REG,71,0.592,0.4,0.429,0.34,0,41.53,13.31,10.44,34.5,0.21,12.98,10.3,15.26
D'Angelo Russell,Lakers,2016-2017,REG,63,0.521,0.371,0.406,0.355,0,25.09,15.26,15.38,43.93,0.35,16.36,14.77,17.45
Jrue Holiday,Pelicans,2016-2017,REG,67,0.555,0.491,0.328,0.355,0,42.55,12.09,14,31.24,0.11,12.87,10.52,14.81
Jeff Teague,Pacers,2016-2017,REG,82,0.483,0.463,0.458,0.359,0,46.75,16.43,9.15,27.34,0.33,11.9,10.5,13.01
Nicolas Batum,Hornets,2016-2017,REG,77,0.558,0.427,0.389,0.335,0,16.92,23.08,18.46,41.33,0.21,16.78,15.01,17.98
JJ Redick,Clippers,2016-2017,REG,78,0.541,0.34,0.452,0.422,0,12.34,6,29.56,52.1,0,19.71,19.2,20.12
Gary Harris,Nuggets,2016-2017,REG,57,0.607,0.375,0.388,0.426,0,47.24,5.04,7.72,39.53,0.47,12.73,10.53,14.97
Serge Ibaka,"Magic, Raptors",2016-2017,REG,79,0.613,0.449,0.475,0.39,0,27.37,23.8,16.48,32.35,0,14.59,12.92,16.12
Khris Middleton,Bucks,2016-2017,REG,29,0.539,0.39,0.431,0.433,0,26.73,24.62,17.42,31.23,0,14.62,13.83,15.27
Jordan Clarkson,Lakers,2016-2017,REG,82,0.559,0.418,0.42,0.327,0,40.85,15.49,10.52,33.05,0.09,13,10.66,14.87
Nikola Vucevic,Magic,2016-2017,REG,75,0.562,0.428,0.419,0.307,0,38.28,28.1,26.36,7.27,0,10.84,9.58,11.96
Jeremy Lin,Nets,2016-2017,REG,36,0.489,0.508,0.42,0.377,0,33.75,14.75,12.5,38.5,0.5,14.47,13.04,15.59
Myles Turner,Pacers,2016-2017,REG,81,0.653,0.426,0.429,0.345,0,41.72,14.83,30,13.33,0.11,11.55,9.32,13.88
Tim Hardaway Jr.,Hawks,2016-2017,REG,79,0.613,0.405,0.406,0.361,0,34.08,9.39,10.73,45.14,0.67,15.04,12,17.57
Reggie Jackson,Pistons,2016-2017,REG,52,0.464,0.398,0.44,0.367,0,38.61,18.2,16.12,26.63,0.44,12.89,11.76,13.72
TJ Warren,Suns,2016-2017,REG,66,0.644,0.422,0.397,0.274,0,43.54,27.68,16.73,11.69,0.37,10.2,7.68,12.68
Enes Kanter,Thunder,2016-2017,REG,72,0.608,0.385,0.435,0.135,0,75.85,10.58,8.41,5.02,0.14,5.39,3.69,7.42
Dirk Nowitzki,Mavericks,2016-2017,REG,54,0.54,0.469,0.439,0.378,0,9.29,23.89,35.99,30.83,0,17.54,16.89,18.04
Zach Randolph,Grizzlies,2016-2017,REG,73,0.536,0.412,0.356,0.239,0,55.3,13.62,21.31,9.15,0.62,9.79,7.51,11.66
Jordan Crawford,Pelicans,2016-2017,REG,19,0.727,0.588,0.356,0.389,0,20.18,15.6,20.64,43.58,0,17.03,14.47,19.41
Rudy Gobert,Jazz,2016-2017,REG,81,0.673,0.333,0,0,0,97.75,1.93,0.16,0,0.16,1.34,0.74,2.54
Al Horford,Celtics,2016-2017,REG,68,0.603,0.423,0.45,0.356,0,37.55,18.84,13.78,29.84,0,12.95,10.72,14.96
Markieff Morris,Wizards,2016-2017,REG,76,0.566,0.39,0.4,0.362,0,41.04,21.08,15.78,22.1,0,11.47,9.65,13.01
Marcus Morris,Pistons,2016-2017,REG,79,0.508,0.44,0.457,0.335,0,17.54,21.61,25.37,34.89,0.59,16.79,15.13,17.98
Jae Crowder,Celtics,2016-2017,REG,72,0.68,0.419,0.353,0.397,0,24.72,4.38,16.38,54.38,0.14,17.42,14.85,19.61
Kentavious Caldwell-Pope,Pistons,2016-2017,REG,76,0.516,0.374,0.413,0.357,0,20.28,14.13,18.55,46.17,0.86,17.28,15.54,18.44
Bojan Bogdanovic,"Nets, Wizards",2016-2017,REG,81,0.578,0.301,0.456,0.366,0,37.09,9.83,6.75,46.33,0,14.6,12.3,16.45
Tyler Johnson,Heat,2016-2017,REG,73,0.549,0.351,0.374,0.376,0,36.18,13.89,19.85,29.84,0.24,13.4,11.51,14.86
Will Barton,Nuggets,2016-2017,REG,60,0.537,0.358,0.353,0.372,0,44.98,12.14,7.65,35.08,0.15,12.53,10.67,14
Ryan Anderson,Rockets,2016-2017,REG,72,0.494,0.459,0.338,0.404,0,20.41,4.78,9.17,65.63,0,19.46,18.35,20.26
Andre Drummond,Pistons,2016-2017,REG,81,0.563,0.395,0,0.333,0.25,82.6,16.19,0.44,0.33,0.44,4,2.86,5.29
Dwight Howard,Hawks,2016-2017,REG,74,0.675,0.237,0.261,0,0,89.67,6.23,3.77,0.33,0,2.51,1.26,4.63
Wesley Matthews,Mavericks,2016-2017,REG,73,0.49,0.419,0.36,0.366,0,17.83,13.81,11.81,56.2,0.35,18.24,16.83,19.15
Otto Porter,Wizards,2016-2017,REG,80,0.667,0.479,0.507,0.435,0,26.9,11.71,18.93,42.34,0.12,15.84,14.03,17.77
Darren Collison,Kings,2016-2017,REG,68,0.537,0.451,0.459,0.422,0,35.71,12.75,27.17,24.23,0.14,13.45,12.34,14.46
Nick Young,Lakers,2016-2017,REG,60,0.612,0.38,0.442,0.402,0,10.77,8.04,15.27,65.92,0,20.17,19.08,20.99
Julius Randle,Lakers,2016-2017,REG,74,0.549,0.4,0.318,0.266,0,70.32,12.9,8.52,8.26,0,6.62,4.73,8.41
Sean Kilpatrick,Nets,2016-2017,REG,70,0.51,0.328,0.423,0.349,0,39.24,9.13,9.67,41.01,0.95,14.35,11.92,16.07
Ersan Ilyasova,"Thunder, 76ers, Hawks",2016-2017,REG,82,0.543,0.369,0.468,0.353,0,32.92,9.44,12.47,45.17,0,15.19,13.19,16.71
Robert Covington,76ers,2016-2017,REG,67,0.504,0.35,0.348,0.332,0,38.03,2.74,3.15,56.09,0,15.62,13.13,17.27
James Johnson,Heat,2016-2017,REG,76,0.59,0.457,0.429,0.354,0,47.33,12.26,7.3,32.07,1.04,11.97,9.23,14.5
Seth Curry,Mavericks,2016-2017,REG,70,0.631,0.5,0.424,0.428,0,22.79,11.68,19.8,45.58,0.14,16.87,15.27,18.35
Dario Saric,76ers,2016-2017,REG,81,0.541,0.443,0.277,0.309,0,41.9,6.59,14.79,36.72,0,13.59,10.59,15.67
Elfrid Payton,Magic,2016-2017,REG,82,0.56,0.374,0.406,0.278,0,59.89,13.52,10.55,15.82,0.22,8.75,6.48,10.79
Aaron Gordon,Magic,2016-2017,REG,80,0.632,0.413,0.319,0.293,0,42.13,14,13.08,30.44,0.35,12.26,8.57,15.33
DeAndre Jordan,Clippers,2016-2017,REG,81,0.719,0,0,0,0,99.31,0.35,0,0.35,0,1.04,0.65,2.04
Rodney Hood,Jazz,2016-2017,REG,59,0.453,0.439,0.416,0.375,0,22.56,19.85,11.58,45.71,0.3,16.37,15.25,17.15
Clint Capela,Rockets,2016-2017,REG,65,0.651,0.143,0.5,0,0,98.4,1.25,0.36,0,0,1.63,1.1,2.61
Pau Gasol,Spurs,2016-2017,REG,64,0.56,0.365,0.482,0.544,0,41.06,19.04,22.68,17.05,0.17,11.5,11.01,12
Jamal Crawford,Clippers,2016-2017,REG,82,0.473,0.417,0.437,0.361,0.333,19.49,14.65,29.07,36.1,0.69,17.23,16.22,17.94
Austin Rivers,Clippers,2016-2017,REG,74,0.52,0.492,0.25,0.374,0,45.4,8.37,5.49,40.74,0,13.08,11.14,14.62
Jonas Valanciunas,Raptors,2016-2017,REG,80,0.606,0.462,0.405,1,0,69.7,18.78,11.24,0.14,0.14,5.9,4.88,7.17
Jahlil Okafor,76ers,2016-2017,REG,50,0.587,0.34,0.269,0,0,71.97,22.51,5.52,0,0,5.44,4.02,6.94
Greg Monroe,Bucks,2016-2017,REG,81,0.558,0.386,0.438,0,0,84.85,7.85,6.61,0.41,0.28,4.06,3.08,5.18
Trevor Ariza,Rockets,2016-2017,REG,80,0.611,0.4,0.28,0.344,0,24.91,2.52,3.14,69.18,0.25,18.13,15.09,20.24
Frank Kaminsky,Hornets,2016-2017,REG,75,0.526,0.323,0.261,0.332,0,38.15,11.97,5.74,43.52,0.62,14.68,11.81,16.59
Steven Adams,Thunder,2016-2017,REG,80,0.605,0.381,0,0,0,86.39,12.84,0.46,0.15,0.15,3.32,2.47,4.47
Marvin Williams,Hornets,2016-2017,REG,76,0.547,0.4,0.359,0.349,1,32.95,11.36,5.54,50,0.14,15.26,13,16.9
Ricky Rubio,Timberwolves,2016-2017,REG,75,0.452,0.456,0.434,0.311,0,23.88,12.17,33.74,29.74,0.46,15.67,14.36,16.55
Brandon Knight,Suns,2016-2017,REG,54,0.478,0.391,0.369,0.326,0,34.73,17.56,21.18,26.34,0.19,13.24,11.45,14.43
Terrence Ross,"Raptors, Magic",2016-2017,REG,78,0.633,0.444,0.48,0.364,0,16.06,14.46,16.73,52.21,0.54,18.42,16.54,19.87
Thaddeus Young,Pacers,2016-2017,REG,74,0.598,0.37,0.348,0.385,0,68.31,7.85,6.69,17.01,0.15,7.79,5.9,9.89
Jerryd Bayless,76ers,2016-2017,REG,3,0.583,0.222,0,0.4,0,37.5,28.13,18.75,15.63,0,11.53,6.91,13.95
Kent Bazemore,Hawks,2016-2017,REG,73,0.482,0.316,0.433,0.346,0,35.68,8.04,19.89,36.25,0.14,14.2,12.68,15.25
Emmanuel Mudiay,Nuggets,2016-2017,REG,55,0.456,0.293,0.333,0.32,0,45.01,13.61,9.26,31.76,0.36,12.09,10.07,13.32
Deron Williams,"Mavericks, Cavaliers",2016-2017,REG,64,0.51,0.46,0.473,0.365,0,24.79,14.48,21.8,38.77,0.17,16.02,14.71,17.04
Jose Juan Barea,Mavericks,2016-2017,REG,35,0.489,0.424,0.432,0.358,0,26.82,17.2,12.83,43.15,0,15.85,14.63,16.7
Justise Winslow,Heat,2016-2017,REG,18,0.435,0.29,0.304,0.194,0,50.44,13.6,20.18,15.79,0,10.14,7.78,11.42
Taj Gibson,"Bulls, Thunder",2016-2017,REG,78,0.602,0.354,0.333,0.167,1,67.09,17.94,13.14,1.69,0.14,6.47,4.82,8.23
Courtney Lee,Knicks,2016-2017,REG,77,0.517,0.488,0.447,0.403,0,24.65,17.42,19.97,37.96,0,15.47,14.4,16.37
Terrence Jones,"Pelicans, Bucks",2016-2017,REG,54,0.546,0.413,0.357,0.253,0,66.67,9.41,8.59,15.34,0,8.22,5.55,10.62
Marcin Gortat,Wizards,2016-2017,REG,82,0.631,0.431,0.4,0,0,74.89,22.73,2.23,0.15,0,4.49,3.45,5.93
CJ Miles,Pacers,2016-2017,REG,76,0.567,0.429,0.349,0.41,0,18.66,5.44,12.91,62.52,0.47,19.09,17.61,20.21
Allen Crabbe,Trail Blazers,2016-2017,REG,79,0.57,0.458,0.424,0.444,0,21.95,9.12,22.26,46.68,0,17.17,16.02,18.18
Alex Poythress,76ers,2016-2017,REG,6,0.571,0.429,0,0.316,0,51.85,12.96,0,35.19,0,10.52,7.64,13
Nikola Mirotic,Bulls,2016-2017,REG,70,0.595,0.438,0.306,0.345,0,26.21,7.72,5.79,60.13,0.16,17.46,14.69,19.42
Marcus Smart,Celtics,2016-2017,REG,79,0.448,0.415,0.339,0.292,0,36.73,11.16,7.62,43.27,1.22,15.26,12.28,16.96
Buddy Hield,"Pelicans, Kings",2016-2017,REG,82,0.505,0.456,0.367,0.39,0,27.15,11.75,11.75,49.22,0.13,16.38,15.01,17.4
Marco Belinelli,Hornets,2016-2017,REG,74,0.583,0.459,0.436,0.366,0,17.59,6.03,30.62,45.44,0.33,18.24,16.42,19.62
Wayne Ellington,Heat,2016-2017,REG,62,0.781,0.188,0.478,0.38,0,5.78,2.89,20.4,70.76,0.18,21.6,20.35,22.5
Mason Plumlee,"Trail Blazers, Nuggets",2016-2017,REG,81,0.59,0.4,0.25,0,0,79.68,10.4,8.96,0.16,0.8,4.57,2.48,6.96
Robin Lopez,Bulls,2016-2017,REG,81,0.541,0.395,0.449,0,0,57.68,15.35,26.71,0.26,0,8.31,7.67,8.93
Cody Zeller,Hornets,2016-2017,REG,62,0.627,0.467,0.264,0,0,81.04,6.77,11.96,0.23,0,4.12,2.56,6.2
Tyreke Evans,"Pelicans, Kings",2016-2017,REG,40,0.46,0.3,0.3,0.365,0,54.74,2.71,10.84,31.17,0.54,11.82,10.02,13.05
Jon Leuer,Pistons,2016-2017,REG,75,0.693,0.444,0.354,0.293,0,35.7,23.65,14.84,25.81,0,12.45,9.09,15.57
Malcolm Brogdon,Bucks,2016-2017,REG,75,0.523,0.354,0.375,0.406,0,50.95,10.32,8.89,29.68,0.16,11.1,9.47,12.47
Draymond Green,Warriors,2016-2017,REG,76,0.538,0.211,0.25,0.309,0,50.69,5.82,3.06,40.12,0.31,12.28,8.71,14.84
Jusuf Nurkic,"Nuggets, Trail Blazers",2016-2017,REG,65,0.542,0.182,0.333,0,0,87.24,4.13,8.44,0.19,0,3.77,2.82,4.76
Josh Richardson,Heat,2016-2017,REG,53,0.5,0.515,0.33,0.335,0,23.53,13.33,19.02,43.92,0.2,16.43,14.45,17.73
Tony Parker,Spurs,2016-2017,REG,63,0.51,0.415,0.483,0.333,0,45.52,16.52,25.83,12.13,0,10.61,9.77,11.34
Kyle Korver,"Hawks, Cavaliers",2016-2017,REG,67,0.625,0.355,0.51,0.453,0,4.68,6.04,19.49,69.79,0,21.6,21.13,22.01
Yogi Ferrell,"Nets, Mavericks",2016-2017,REG,46,0.49,0.395,0.343,0.386,0,26.4,10.91,17.77,44.67,0.25,16.22,14.99,17.05
Maurice Harkless,Trail Blazers,2016-2017,REG,77,0.591,0.375,0.385,0.349,0,62.34,2.56,4.17,30.77,0.16,9.37,6.73,12.03
Trevor Booker,Nets,2016-2017,REG,71,0.589,0.433,0.326,0.321,0,68.81,10.17,7.8,13.22,0,7.32,5.37,9.41
Gorgui Dieng,Timberwolves,2016-2017,REG,82,0.581,0.448,0.434,0.41,0,47.42,17.58,28.64,5.91,0.45,9.93,8.32,11.55
Shabazz Muhammad,Timberwolves,2016-2017,REG,78,0.602,0.355,0.292,0.329,1,53.67,17.83,4,24.33,0.17,9.82,7.09,12.34
Jamal Murray,Nuggets,2016-2017,REG,82,0.548,0.375,0.341,0.345,0,30.4,11,11.69,45.8,1.1,16,13.17,17.93
Ty Lawson,Kings,2016-2017,REG,69,0.569,0.483,0.4,0.301,0,39.08,17.05,21.07,21.65,1.15,12.69,10.2,14.76
Richaun Holmes,76ers,2016-2017,REG,57,0.66,0.4,0.452,0.355,0,62.86,10.92,7.52,18.45,0.24,8.17,5.49,11.57
Jeremy Lamb,Hornets,2016-2017,REG,62,0.627,0.469,0.403,0.283,0,35.98,19.51,14.63,29.47,0.41,13.32,10.18,15.98
Kenneth Faried,Nuggets,2016-2017,REG,61,0.585,0.394,0.091,0,0,87.98,7.93,2.64,0.96,0.48,3.53,2.09,5.27
E'Twaun Moore,Pelicans,2016-2017,REG,73,0.605,0.378,0.4,0.376,0,33.87,19.19,13.71,33.06,0.16,13.84,11.78,15.56
Patrick Beverley,Rockets,2016-2017,REG,67,0.497,0.412,0.222,0.384,0,34.57,9.43,3.33,52.5,0.18,15.4,13.86,16.51
Derrick Favors,Jazz,2016-2017,REG,50,0.568,0.45,0.341,0.3,0,53.24,23.98,20.38,2.4,0,7.94,6.3,9.49
Patty Mills,Spurs,2016-2017,REG,80,0.585,0.45,0.393,0.413,0,17.04,3.22,22.51,57.23,0,18.76,17.43,19.81
Nik Stauskas,76ers,2016-2017,REG,80,0.484,0.409,0.261,0.37,0,29.25,7,7.31,56.28,0.16,16.71,15.05,17.81
Michael Beasley,Bucks,2016-2017,REG,56,0.62,0.475,0.451,0.419,0,47.41,24.44,17.53,10.62,0,9.75,8.29,11.42
Brandon Ingram,Lakers,2016-2017,REG,79,0.517,0.328,0.394,0.298,0,38.56,18.77,15.98,26.54,0.15,12.37,10.1,13.9
Ish Smith,Pistons,2016-2017,REG,81,0.494,0.461,0.429,0.272,0,43.58,17.11,25.27,13.77,0.27,11.28,9.49,12.69
Jeff Green,Magic,2016-2017,REG,69,0.527,0.398,0.342,0.285,0,36.02,15.77,13.62,33.33,1.25,14.33,11.15,16.4
Cory Joseph,Raptors,2016-2017,REG,80,0.542,0.355,0.448,0.358,0,41.36,16.67,21.67,20.3,0,11.93,10.51,13.1
Gerald Henderson,76ers,2016-2017,REG,72,0.551,0.409,0.368,0.355,0,28.42,23.13,17.3,30.78,0.36,14.12,12.05,15.65
Marquese Chriss,Suns,2016-2017,REG,82,0.575,0.308,0.327,0.323,0,50.63,6.17,7.75,35.28,0.16,11.41,8.3,13.95
Michael Kidd-Gilchrist,Hornets,2016-2017,REG,81,0.549,0.462,0.35,0.143,0,57.54,15.07,25.93,1.13,0.32,7.77,5.74,9.64
Joe Johnson,Jazz,2016-2017,REG,78,0.547,0.422,0.378,0.407,1,22.28,20.51,15.71,41.35,0.16,16.1,15.04,16.92
Jameer Nelson,Nuggets,2016-2017,REG,75,0.568,0.375,0.43,0.391,0,26.87,7.96,20.07,44.94,0.17,16.59,14.9,17.94
Channing Frye,Cavaliers,2016-2017,REG,74,0.545,0.541,0.531,0.41,0,19.39,7.1,9.4,64.11,0,18.76,17.6,19.75
Nene,Rockets,2016-2017,REG,67,0.694,0.359,0.423,0.333,0,74.81,9.82,13.1,2.27,0,5.09,3.42,7.78
Montrezl Harrell,Rockets,2016-2017,REG,58,0.701,0.278,0.455,0.167,0,86.63,5.23,6.4,1.74,0,3.41,2.16,5.76
Jodie Meeks,Magic,2016-2017,REG,36,0.51,0.273,0.343,0.412,0,19.92,12.89,13.67,53.13,0.39,17.72,17.12,18.13
Tony Allen,Grizzlies,2016-2017,REG,71,0.503,0.292,0.278,0.278,0,80.84,4.03,6.05,9.08,0,5.11,3.51,6.49
Kelly Olynyk,Celtics,2016-2017,REG,75,0.689,0.357,0.357,0.342,0,45.69,8.42,8.42,37.47,0,12.57,8.88,16.29
Evan Turner,Trail Blazers,2016-2017,REG,65,0.525,0.466,0.378,0.263,0,29.4,34.3,14.88,21.42,0,12.44,10.54,13.85
Dahntay Jones,Cavaliers,2016-2017,REG,1,0.5,0,1,0,0,50,12.5,12.5,25,0,10.63,6.67,13
Doug McDermott,"Bulls, Thunder",2016-2017,REG,66,0.583,0.39,0.459,0.37,0,27.91,15.46,14.86,41.77,0,15.42,13.67,16.83
JaMychal Green,Grizzlies,2016-2017,REG,77,0.569,0.382,0.559,0.39,0,50.91,6.84,13.68,28.37,0.2,10.89,9.24,12.56
DeMarre Carroll,Raptors,2016-2017,REG,72,0.552,0.278,0.4,0.344,0,28.1,6.57,7.3,57.85,0.18,17.01,14.7,18.56
Skal Labissiere,Kings,2016-2017,REG,33,0.577,0.478,0.579,0.375,0,47.93,30.88,17.51,3.69,0,8.54,7.89,9.3
Nerlens Noel,"76ers, Mavericks",2016-2017,REG,51,0.669,0.303,0.378,0,0,77.1,10.65,11.94,0.32,0,4.5,2.72,7.1
Al-Farouq Aminu,Trail Blazers,2016-2017,REG,61,0.475,0.304,0.357,0.333,0,43.35,4.94,6.01,45.06,0.64,13.48,11.28,14.9
Shawn Long,76ers,2016-2017,REG,17,0.658,0.2,0.375,0.368,0,70.37,4.63,7.41,17.59,0,6.88,4.39,10.11
Marreese Speights,Clippers,2016-2017,REG,82,0.57,0.303,0.459,0.377,0,36.63,6.04,6.78,50,0.55,15.64,13.12,17.67
Rondae Hollis-Jefferson,Nets,2016-2017,REG,78,0.509,0.36,0.308,0.227,0,63.96,16.45,7.21,12.2,0.18,7.54,5.16,9.37
J.R. Smith,Cavaliers,2016-2017,REG,41,0.455,0.294,0.229,0.353,0,9.3,4.79,9.86,75.77,0.28,21.57,20.63,22.07
Tony Snell,Bucks,2016-2017,REG,80,0.607,0.471,0.439,0.405,0,20.74,6.3,7.59,65.37,0,18.46,16.62,19.99
Monta Ellis,Pacers,2016-2017,REG,74,0.594,0.373,0.361,0.315,0,39.46,10.63,25.95,23.42,0.54,12.83,10.2,14.92
Tyson Chandler,Suns,2016-2017,REG,47,0.676,0.5,0,0,0,98.68,0.88,0.44,0,0,1.11,0.65,2.05
Arron Afflalo,Kings,2016-2017,REG,61,0.513,0.451,0.424,0.413,0,18.62,21.72,23.63,35.8,0.24,16.38,15.51,17.07
Norman Powell,Raptors,2016-2017,REG,76,0.547,0.286,0.413,0.326,0,52.77,4.15,9.09,33.99,0,11.3,8.61,13.48
Joe Harris,Nets,2016-2017,REG,52,0.541,0.333,0.286,0.386,0,30.75,2.49,5.82,60.94,0,16.81,15.05,18.11
Troy Daniels,Grizzlies,2016-2017,REG,67,0.371,0.208,0.358,0.389,0,7.07,4.85,16.36,71.11,0.61,22.18,22.3,22.11
Caris LeVert,Nets,2016-2017,REG,57,0.619,0.474,0.44,0.324,0,35.26,10,6.58,47.89,0.26,14.7,11.49,17.32
Willie Cauley-Stein,Kings,2016-2017,REG,75,0.607,0.341,0.362,0,0,70.89,18.92,9.77,0.42,0,5.52,3.9,7.35
Willy Hernangomez,Knicks,2016-2017,REG,72,0.574,0.42,0.286,0.267,0,79.96,10.78,6.03,3.23,0,4.56,3.25,6.03
Ben McLemore,Kings,2016-2017,REG,61,0.543,0.265,0.416,0.383,0,30.38,8.13,21.29,39.95,0.24,15.45,13.58,16.85
Al Jefferson,Pacers,2016-2017,REG,66,0.599,0.371,0.353,0,0,58.42,30.49,10.87,0.21,0,7.11,5.62,8.61
Tristan Thompson,Cavaliers,2016-2017,REG,78,0.618,0.414,0.5,0,0,91.76,6.64,0.92,0.46,0.23,2.67,1.78,4.01
Vince Carter,Grizzlies,2016-2017,REG,73,0.463,0.294,0.378,0.382,0,25.15,6.95,7.57,59.92,0.41,17.96,16.94,18.61
Alex Len,Suns,2016-2017,REG,77,0.58,0.292,0.322,0.3,0,70.56,14.07,12.77,2.16,0.43,5.89,3.79,7.97
Langston Galloway,"Pelicans, Kings",2016-2017,REG,74,0.408,0.262,0.376,0.391,0,13.05,7.72,22.98,55.88,0.37,19.8,19.59,19.93
D.J. Augustin,Magic,2016-2017,REG,78,0.455,0.333,0.39,0.353,0,23.4,8.7,14.89,52.03,0.97,17.67,16.29,18.5
Shelvin Mack,Jazz,2016-2017,REG,55,0.552,0.475,0.405,0.308,0,37.96,20.94,9.69,31.41,0,12.79,10.61,14.54
Rajon Rondo,Bulls,2016-2017,REG,69,0.498,0.196,0.33,0.379,0,47.24,9.09,19.96,23.53,0.18,11.47,9.88,12.57
Sergio Rodriguez,76ers,2016-2017,REG,68,0.52,0.353,0.323,0.363,0,22.99,12.71,17.38,46.92,0,17.09,15.46,18.14
Garrett Temple,Kings,2016-2017,REG,65,0.604,0.462,0.288,0.371,0,24.54,9.03,15.28,51.16,0,16.78,14.49,18.46
Justin Holiday,Knicks,2016-2017,REG,82,0.6,0.489,0.411,0.359,0,23.23,8.36,17.66,50.19,0.56,17.15,14.65,19.07
Luol Deng,Lakers,2016-2017,REG,56,0.564,0.304,0.227,0.321,0,35.14,10.85,15.57,37.5,0.94,14.41,10.83,16.66
Matthew Dellavedova,Bucks,2016-2017,REG,76,0.452,0.333,0.366,0.361,0,34.9,16.89,7.69,40.53,0,14.66,13.88,15.15
Andre Iguodala,Warriors,2016-2017,REG,76,0.727,0.294,0.545,0.366,0,39.86,4.11,13.29,42.27,0.48,13.67,10.09,17.7
Manu Ginobili,Spurs,2016-2017,REG,69,0.45,0.351,0.125,0.399,0,29.84,12.98,5.47,50.8,0.91,16.05,15.03,16.7
Ivica Zubac,Lakers,2016-2017,REG,38,0.556,0.452,0.571,0,0,72.15,17.72,8.86,0.84,0.42,5.82,5.06,6.68
Iman Shumpert,Cavaliers,2016-2017,REG,76,0.539,0.317,0.474,0.356,0,18.24,8.4,19.88,53.48,0,17.85,16.47,18.81
Isaiah Whitehead,Nets,2016-2017,REG,73,0.485,0.357,0.313,0.303,0,52.96,8.3,9.49,28.66,0.59,11.23,8.58,13.02
Timofey Mozgov,Lakers,2016-2017,REG,54,0.569,0.4,0.446,0,0,64.33,18.29,17.07,0.3,0,6.52,5.46,7.66
Alan Williams,Suns,2016-2017,REG,47,0.541,0.422,0,0,0,82.4,16.85,0.37,0,0.37,4.17,3.23,5.17
Spencer Dinwiddie,Nets,2016-2017,REG,59,0.508,0.37,0.556,0.374,0.5,40.13,17.76,8.88,32.57,0.66,13.03,11.67,14.11
Archie Goodwin,"Pelicans, Nets",2016-2017,REG,15,0.609,1,0.5,0.357,0,69.7,1.52,6.06,21.21,1.52,8.26,5.78,11.23
Danny Green,Spurs,2016-2017,REG,68,0.514,0.235,0.406,0.383,0,16.07,7.59,7.14,68.75,0.45,19.44,18.41,20.1
David Lee,Spurs,2016-2017,REG,79,0.638,0.423,0.355,0,0,80.24,12.38,7.38,0,0,4.2,3.03,5.88
Tyler Ulis,Suns,2016-2017,REG,61,0.451,0.493,0.411,0.288,0,18.72,33.79,29.45,16.67,1.37,14.86,13.32,15.98
Rodney Stuckey,Pacers,2016-2017,REG,39,0.442,0.438,0.288,0.316,0,31.69,19.75,24.28,23.46,0.82,13.91,11.81,15.14
Thabo Sefolosha,Hawks,2016-2017,REG,62,0.582,0.286,0.361,0.347,0,43.48,10.74,15.6,30.18,0,12.03,9.47,14.09
Larry Nance Jr.,Lakers,2016-2017,REG,63,0.65,0.345,0.443,0.303,0,55.1,15.98,19.28,9.09,0.55,8.84,6.27,11.69
Tim Frazier,Pelicans,2016-2017,REG,65,0.514,0.225,0.397,0.313,0,42.82,9.9,15.59,31.68,0,12.95,10.69,14.48
Brandon Jennings,"Knicks, Wizards",2016-2017,REG,81,0.415,0.443,0.323,0.317,0,29.78,11.42,11.61,46.63,0.56,15.94,14.26,16.89
Matt Barnes,"Kings, Warriors",2016-2017,REG,74,0.526,0.105,0.395,0.331,0,32.56,4.02,8.03,54.97,0.42,16.3,13.73,17.93
Joe Ingles,Jazz,2016-2017,REG,82,0.606,0.167,0.282,0.442,0,24.17,5.32,8.65,61.64,0.22,17.67,16.33,18.77
Anthony Tolliver,Kings,2016-2017,REG,65,0.637,0.261,0.421,0.392,0,22.92,6.59,5.44,65.04,0,18.02,16,19.62
Justin Anderson,"Mavericks, 76ers",2016-2017,REG,75,0.622,0.278,0.136,0.304,0,42.43,8.26,5.05,43.81,0.46,13.72,9.22,17.07
Solomon Hill,Pelicans,2016-2017,REG,80,0.481,0.267,0.214,0.353,0,34.18,6.33,2.95,56.12,0.42,15.88,13.92,17.12
Josh Huestis,Thunder,2016-2017,REG,2,0.6,0,0.5,0.5,0,45.45,0,18.18,36.36,0,12.36,10.83,14.2
Justin Hamilton,Nets,2016-2017,REG,64,0.669,0.395,0.455,0.301,0,38.95,10,2.89,48.16,0,14.12,10.24,17.4
TJ McConnell,76ers,2016-2017,REG,81,0.532,0.462,0.347,0.196,0,54.51,25.49,9.61,10,0.39,8.66,6.51,10.51
Patrick Patterson,Raptors,2016-2017,REG,65,0.512,0.4,0.25,0.369,1,21.88,9.11,3.13,65.63,0.26,18.16,16.99,18.94
Ian Clark,Warriors,2016-2017,REG,77,0.636,0.416,0.547,0.381,0,32.33,17.78,12.24,36.95,0.69,14.49,12.31,16.57
Bobby Portis,Bulls,2016-2017,REG,64,0.636,0.4,0.474,0.337,0,38.13,16,20.27,25.33,0.27,12.7,10.14,15.15
Jared Dudley,Suns,2016-2017,REG,64,0.65,0.522,0.483,0.381,0,17.39,6.67,17.39,58.55,0,18.8,16.83,20.45
Lance Stephenson,"Pelicans, Timberwolves, Pacers",2016-2017,REG,18,0.628,0.286,0.417,0.316,0,35.83,17.5,30,15.83,0.83,12.69,9.96,14.92
John Henson,Bucks,2016-2017,REG,58,0.552,0.438,0.24,0,0,81.55,10.36,8.09,0,0,4.4,3.06,5.82
Brandan Wright,Grizzlies,2016-2017,REG,28,0.67,0.391,0.5,0,0,80.74,17.04,1.48,0.74,0,3.44,2.28,5.29
Alec Burks,Jazz,2016-2017,REG,42,0.424,0.512,0.333,0.333,0,39.92,17.34,12.1,30.24,0.4,12.45,11.52,13.07
Raymond Felton,Clippers,2016-2017,REG,80,0.564,0.306,0.385,0.338,0,39.84,9.57,22.85,26.56,1.17,13.55,10.6,15.79
Devin Harris,Mavericks,2016-2017,REG,65,0.496,0.417,0.419,0.343,0,35.59,3.53,9.12,49.71,2.06,15.78,13.18,17.5
James Ennis,Grizzlies,2016-2017,REG,64,0.544,0.5,0.286,0.37,0,49.84,1.25,6.54,42.06,0.31,12.58,9.91,14.77
Dwight Powell,Mavericks,2016-2017,REG,77,0.696,0.391,0.293,0.288,0,54.26,6.12,19.95,19.41,0.27,10.05,5.98,14.38
PJ Tucker,"Suns, Raptors",2016-2017,REG,81,0.451,0.476,0.433,0.359,0,44.28,8.73,6.24,40.54,0.21,12.86,11.6,13.76
Marcus Thornton,Wizards,2016-2017,REG,33,0.493,0.435,0.294,0.35,0,34.76,10.95,16.19,38.1,0,14.6,12.86,15.75
Kosta Koufos,Kings,2016-2017,REG,71,0.588,0.418,0,0,0,79.34,20.15,0.26,0,0.26,4.34,3.39,5.51
Andre Roberson,Thunder,2016-2017,REG,79,0.618,0,0.333,0.247,0,58.75,0.43,1.3,39.31,0.22,10.45,5.72,14.55
Jaylen Brown,Celtics,2016-2017,REG,78,0.563,0.381,0.29,0.351,0,50.84,10.02,7.4,31.26,0.48,11.27,8.37,13.69
Michael Carter-Williams,Bulls,2016-2017,REG,45,0.454,0.317,0.296,0.234,0,49.67,20.59,8.82,20.92,0,10.63,8.03,12.13
Dante Cunningham,Pelicans,2016-2017,REG,66,0.64,0.353,0.472,0.387,0,34.82,4.74,10.03,50.42,0,14.86,12.33,17.22
Sam Dekker,Rockets,2016-2017,REG,77,0.603,0.3,0.556,0.326,0,52.09,2.33,2.09,42.79,0.7,12.17,8.51,15.44
Amir Johnson,Celtics,2016-2017,REG,80,0.633,0.435,0.4,0.409,0,74.53,6.23,1.36,17.89,0,6.6,4.92,8.91
Timothe Luwawu,76ers,2016-2017,REG,69,0.522,0.077,0.125,0.314,0,49.72,3.63,2.23,44.41,0,12.54,9.32,14.73
Mirza Teletovic,Bucks,2016-2017,REG,70,0.492,0.4,0.435,0.344,0,15.59,6,5.52,72.42,0.48,20.5,19.07,21.35
Darrell Arthur,Nuggets,2016-2017,REG,41,0.5,0.444,0.364,0.453,0,16.74,8.37,20.47,54.42,0,18.34,18,18.62
Rodney McGruder,Heat,2016-2017,REG,78,0.563,0.333,0.321,0.332,0,34.93,11.14,6.11,47.38,0.44,14.74,11.7,16.85
Kelly Oubre,Wizards,2016-2017,REG,79,0.567,0.395,0.405,0.292,0,40.72,8.6,8.37,41.86,0.45,13.52,10.09,16.01
Kyle O'Quinn,Knicks,2016-2017,REG,79,0.63,0.4,0.406,0.143,0,57.04,13.35,25.73,3.4,0.49,8.5,5.97,11.25
Mindaugas Kuzminskas,Knicks,2016-2017,REG,68,0.541,0.333,0.286,0.321,0,49.18,3.26,1.9,45.65,0,12.75,9.57,15.14
Leandro Barbosa,Suns,2016-2017,REG,67,0.534,0.364,0.389,0.357,0,40.97,11.2,22.9,24.94,0,12.55,10.59,14.07
Jonathan Gibson,Mavericks,2016-2017,REG,17,0.4,0.5,0.333,0.341,0,21.05,12.63,18.95,46.32,1.05,17.44,16.31,18.1
Spencer Hawes,"Hornets, Bucks",2016-2017,REG,54,0.646,0.435,0.304,0.313,0,46.01,16.67,8.33,28.99,0,11.47,8.18,14.57
Dante Exum,Jazz,2016-2017,REG,66,0.532,0.5,0.273,0.299,0,51.65,4.4,3.02,40.38,0.55,11.84,8.61,14.24
Ramon Sessions,Hornets,2016-2017,REG,50,0.441,0.32,0.292,0.339,0,48.29,19.01,9.13,23.57,0,10.72,9.2,11.66
Mike Muscala,Hawks,2016-2017,REG,70,0.655,0.472,0.446,0.434,0,34.35,16.11,17.02,32.22,0.3,13.46,11.35,15.72
Nemanja Bjelica,Timberwolves,2016-2017,REG,65,0.564,0.333,0.4,0.316,0,41.74,5.88,2.8,49.58,0,14.27,11.03,16.66
Trey Lyles,Jazz,2016-2017,REG,71,0.464,0.259,0.366,0.322,0,31.96,12.33,9.36,46.12,0.23,15.09,13.38,16.07
Jonathon Simmons,Spurs,2016-2017,REG,78,0.539,0.383,0.316,0.306,0,45.84,11.16,18.76,23.28,0.95,11.56,8.56,13.73
Chandler Parsons,Grizzlies,2016-2017,REG,34,0.487,0.333,0.13,0.269,0,34.23,13.51,10.36,41.89,0,14.55,11.01,16.36
Troy Williams,"Grizzlies, Rockets",2016-2017,REG,30,0.558,0.5,0.3,0.295,0,51.81,4.82,6.02,36.75,0.6,11.87,8.26,14.7
JaVale McGee,Warriors,2016-2017,REG,77,0.685,0.316,0,0,0,92.48,5.96,0.63,0.63,0.31,2.13,0.97,4.3
Glenn Robinson,Pacers,2016-2017,REG,69,0.575,0.469,0.427,0.4,0,31.36,9.47,22.19,36.98,0,14.88,13.16,16.39
Zaza Pachulia,Warriors,2016-2017,REG,70,0.582,0.313,0.414,0,0,79.74,10.46,9.48,0,0.33,4.34,3.13,5.74
Derrick Williams,"Heat, Cavaliers",2016-2017,REG,50,0.557,0.5,0.483,0.313,0,39.92,8.23,11.93,39.51,0.41,13.23,10.52,15.41
Luc Mbah a Moute,Clippers,2016-2017,REG,80,0.58,0.333,0.5,0.42,0,51.09,1.63,20.11,27.17,0,11.07,9.51,12.72
David Nwaba,Lakers,2016-2017,REG,20,0.643,0,0.333,0.25,0,87.5,3.75,3.75,5,0,3.26,1.91,5.18
Jordan Farmar,Kings,2016-2017,REG,2,0,0,0,0.444,0,25,0,0,75,0,21.17,26,18.75
Lance Thomas,Knicks,2016-2017,REG,46,0.41,0.273,0.352,0.447,0,34.02,9.02,22.13,34.84,0,14.57,14.69,14.5
Alex Abrines,Thunder,2016-2017,REG,68,0.482,0.313,0.364,0.381,0,16.47,4.71,6.47,71.76,0.59,20.11,19.07,20.79
Bismack Biyombo,Magic,2016-2017,REG,81,0.565,0.375,0.1,0,0,82.99,14.08,2.93,0,0,3.62,2.27,5.11
Domantas Sabonis,Thunder,2016-2017,REG,81,0.464,0.256,0.473,0.321,0,46.57,8.94,11.43,33.06,0,12.25,10.59,13.36
Andrew Harrison,Grizzlies,2016-2017,REG,72,0.445,0.121,0.295,0.285,0,35.46,9.14,12.19,41.83,1.39,15.15,12.32,16.5
Quincy Acy,"Mavericks, Nets",2016-2017,REG,37,0.472,0.25,0.4,0.404,0,31.36,9.47,5.92,52.66,0.59,15.62,14.91,16.11
Jerian Grant,Bulls,2016-2017,REG,63,0.589,0.364,0.4,0.368,0,24.25,14.62,16.61,44.19,0.33,16.17,14.27,17.57
Beno Udrih,Pistons,2016-2017,REG,39,0.551,0.537,0.367,0.393,0,24.87,34.01,24.87,14.21,2.03,13.57,11.34,15.52
Tarik Black,Lakers,2016-2017,REG,67,0.532,0.333,0.143,1,0,91.81,5.12,2.39,0.34,0.34,2.94,1.94,3.99
Jason Smith,Wizards,2016-2017,REG,74,0.597,0.5,0.526,0.468,0,23.4,11.55,41.64,23.4,0,15.24,14.51,16.04
Taurean Prince,Hawks,2016-2017,REG,59,0.481,0.303,0.375,0.327,0,47.2,11.54,5.59,35.31,0.35,11.85,9.59,13.34
Richard Jefferson,Cavaliers,2016-2017,REG,79,0.651,0.417,0.211,0.332,0,36.84,3.51,5.56,53.8,0.29,15.12,10.81,18.57
Quinn Cook,"Mavericks, Pelicans",2016-2017,REG,14,0.6,0.7,0.429,0.423,0,23.08,15.38,21.54,40,0,16.03,14.42,17.69
Georgios Papagiannis,Kings,2016-2017,REG,22,0.667,0.4,0.286,0,0,61.76,29.41,6.86,1.96,0,6.08,4.34,8.2
Boban Marjanovic,Pistons,2016-2017,REG,34,0.573,0.448,0,0,0,78.03,21.97,0,0,0,4.35,3.17,5.77
Brandon Bass,Clippers,2016-2017,REG,52,0.655,0.5,0.333,0.333,0,60.75,27.96,9.68,1.61,0,6.36,4.9,8.34
Ian Mahinmi,Wizards,2016-2017,REG,31,0.584,0.75,0,0,0,91.82,7.27,0.91,0,0,2.68,2.23,3.33
Gerald Green,Celtics,2016-2017,REG,47,0.538,0.405,0.423,0.365,0,22.91,18.5,11.45,45.81,1.32,16.86,14.65,18.43
Delon Wright,Raptors,2016-2017,REG,27,0.515,0.385,0,0.333,0,57.39,11.3,5.22,26.09,0,9.94,7.24,11.94
Terry Rozier,Celtics,2016-2017,REG,74,0.407,0.378,0.395,0.324,0,34.57,11.11,10.62,42.72,0.99,15.21,13.61,16.12
Anthony Morrow,"Thunder, Bulls",2016-2017,REG,49,0.537,0.442,0.5,0.306,0,16.33,20.72,9.56,53.39,0,17.52,15.74,18.65
Jerami Grant,"76ers, Thunder",2016-2017,REG,80,0.596,0.19,0.31,0.368,0,49.09,6.4,8.84,35.67,0,11.63,8.72,14.14
Paul Zipser,Bulls,2016-2017,REG,44,0.552,0.286,0.341,0.34,0,30.32,6.33,18.55,43.89,0.9,16.07,13.4,17.83
Meyers Leonard,Trail Blazers,2016-2017,REG,74,0.531,0.357,0.383,0.349,0,16.89,11.08,15.83,55.94,0.26,18.4,16.75,19.43
Malcolm Delaney,Hawks,2016-2017,REG,73,0.406,0.265,0.471,0.223,0,17.02,9.04,45.74,27.39,0.8,17.09,16.19,17.62
Joffrey Lauvergne,"Thunder, Bulls",2016-2017,REG,70,0.529,0.409,0.231,0.34,0,56.42,6.57,7.76,28.96,0.3,10.49,7.83,12.59
Alexis Ajinca,Pelicans,2016-2017,REG,39,0.585,0.531,0.354,0,0,52.81,17.98,26.97,2.25,0,8.54,6.46,10.62
Chasson Randle,"76ers, Knicks",2016-2017,REG,26,0.5,0.4,0,0.34,0,44.9,5.1,2.04,47.96,0,13.96,12.03,15.29
Willie Reed,Heat,2016-2017,REG,71,0.634,0.333,0.273,0.2,0,79.65,14.74,3.86,1.75,0,4.03,2.47,6.08
"Derrick Jones, Jr.",Suns,2016-2017,REG,32,0.67,0.364,0.2,0.273,0,73.33,9.17,8.33,9.17,0,5.48,2.74,9.08
Mike Dunleavy,"Cavaliers, Hawks",2016-2017,REG,53,0.566,0.333,0.296,0.392,0,24.54,2.78,12.5,60.19,0,17.75,15.86,19.13
Omri Casspi,"Kings, Pelicans, Timberwolves",2016-2017,REG,36,0.554,0,0,0.349,0,67.88,5.45,0.61,26.06,0,8.61,6.34,10.6
Randy Foye,Nets,2016-2017,REG,69,0.471,0.3,0.28,0.335,0,26.85,3.09,7.72,60.8,1.54,18.14,15.92,19.39
Cameron Payne,"Thunder, Bulls",2016-2017,REG,31,0.378,0.4,0.222,0.318,0,23.32,18.13,13.99,44.04,0.52,16.6,15.81,16.98
Hollis Thompson,"76ers, Pelicans",2016-2017,REG,40,0.493,0.412,0.211,0.337,0,34.5,8.5,9.5,47.5,0,15.11,12.79,16.55
Shaun Livingston,Warriors,2016-2017,REG,76,0.75,0.492,0.364,1,0,28.03,60.83,10.51,0.32,0.32,10.03,8.33,12.11
Cheick Diallo,Pelicans,2016-2017,REG,17,0.71,0.292,0.35,0,0,40.79,31.58,26.32,1.32,0,9.87,6.92,12.53
Luis Scola,Nets,2016-2017,REG,36,0.58,0.467,0,0.34,0,53.29,9.87,3.95,32.89,0,11.06,7.85,13.88
Denzel Valentine,Bulls,2016-2017,REG,57,0.357,0.444,0.3,0.353,0,14.58,6.25,6.94,71.88,0.35,20.22,19.59,20.56
Dewayne Dedmon,Spurs,2016-2017,REG,76,0.648,0.389,0.455,0,0,88.8,6.95,4.25,0,0,2.82,1.98,4.21
Wayne Selden,"Pelicans, Grizzlies",2016-2017,REG,14,0.696,0.25,0.333,0.25,0,39.66,6.9,5.17,48.28,0,14.62,9.04,18.85
Joakim Noah,Knicks,2016-2017,REG,46,0.505,0.5,0,0,0,97,1,1.5,0.5,0,1.62,1,2.23
Thomas Robinson,Lakers,2016-2017,REG,48,0.597,0.296,0.222,0,0,81.12,13.78,4.59,0.51,0,3.85,2.26,5.68
Anthony Bennett,Nets,2016-2017,REG,23,0.61,0,0,0.271,0,44.57,2.17,1.09,52.17,0,13.5,8.95,16.7
Trey Burke,Wizards,2016-2017,REG,57,0.5,0.472,0.43,0.443,0,20.47,20.87,31.1,27.56,0,15.69,15.13,16.17
Aaron Brooks,Pacers,2016-2017,REG,65,0.408,0.538,0.343,0.4,0,32.78,13.04,11.71,40.13,2.34,16.08,14.8,16.94
Juan Hernangomez,Nuggets,2016-2017,REG,62,0.545,0,0.143,0.414,0,44.39,2.69,3.14,49.78,0,13.76,11.93,15.28
Mario Hezonja,Magic,2016-2017,REG,65,0.477,0.333,0.325,0.307,0,26.67,5.45,24.24,42.42,1.21,17.02,14.56,18.37
Toney Douglas,Grizzlies,2016-2017,REG,24,0.563,0.35,0.478,0.179,0,27.35,17.09,19.66,33.33,2.56,15.73,11.51,18.18
Tiago Splitter,76ers,2016-2017,REG,8,0.458,1,0,0.333,0,77.42,3.23,0,19.35,0,6.39,5.14,7.41
Aron Baynes,Pistons,2016-2017,REG,75,0.54,0.449,0.429,0,0,72.4,17.56,10.04,0,0,5.18,4.53,5.87
Josh McRoberts,Heat,2016-2017,REG,22,0.426,0.19,0.389,0.419,0,40.17,17.95,15.38,26.5,0,12.37,11.66,12.79
Jarell Eddie,Suns,2016-2017,REG,5,1,0,0,0.25,0,10.53,5.26,0,84.21,0,21.42,16.5,23.69
Cristiano Felicio,Bulls,2016-2017,REG,66,0.632,0.333,0.286,0,0,83.33,4.05,12.61,0,0,3.77,2.27,5.82
Luke Babbitt,Heat,2016-2017,REG,68,0.211,0.4,0.455,0.414,0,6.76,10.68,7.83,74.73,0,21.18,21.69,20.84
Kevin Seraphin,Pacers,2016-2017,REG,49,0.612,0.481,0.513,0,0,52.02,27.27,19.7,1.01,0,8.44,7.19,9.98
David West,Warriors,2016-2017,REG,68,0.625,0.361,0.51,0.429,0,44.44,14.29,38.1,2.78,0.4,10.59,9.39,11.97
Isaiah Canaan,Bulls,2016-2017,REG,39,0.578,0.357,0.35,0.266,0,26.01,8.09,11.56,54.34,0,17.08,13.76,18.97
Boris Diaw,Jazz,2016-2017,REG,73,0.615,0.405,0.25,0.247,0,49.24,11.31,14.68,24.77,0,11.04,7.15,14.18
Roy Hibbert,"Hornets, Bucks, Nuggets",2016-2017,REG,48,0.611,0.452,0.423,0,0,61.22,21.09,17.69,0,0,6.83,5.61,8.28
Kris Humphries,Hawks,2016-2017,REG,56,0.453,0.324,0.429,0.352,0,44.39,17.29,13.08,25.23,0,11.44,10.07,12.37
Reggie Bullock,Pistons,2016-2017,REG,31,0.556,0.333,0.308,0.384,0,28.13,4.69,10.16,57.03,0,16.92,14.94,18.36
CJ Watson,Magic,2016-2017,REG,62,0.509,0.4,0.41,0.308,0,22.98,10.08,24.6,41.94,0.4,16.61,14.69,17.82
Corey Brewer,"Rockets, Lakers",2016-2017,REG,82,0.544,0.393,0.429,0.241,0,56.2,8.07,2.02,32.28,1.44,10.78,6.63,13.84
Davis Bertans,Spurs,2016-2017,REG,67,0.65,0.25,0.462,0.401,0,17.09,3.42,5.56,73.5,0.43,19.91,17.85,21.53
Reggie Williams,Pelicans,2016-2017,REG,6,0.333,0.5,0,0.455,0,26.09,8.7,17.39,47.83,0,16.17,16.38,16.07
Jarrod Uthoff,Mavericks,2016-2017,REG,9,0.5,0.5,0.2,0.333,0,42.11,21.05,13.16,23.68,0,11.42,9.38,12.91
Lucas Nogueira,Raptors,2016-2017,REG,57,0.721,0,0.4,0.3,0,87.18,1.92,3.21,6.41,1.28,3.84,1.61,8.17
Noah Vonleh,Trail Blazers,2016-2017,REG,74,0.516,0.267,0.467,0.316,0,70.63,5.58,16.73,7.06,0,6.71,5.49,7.83
Donatas Motiejunas,Pelicans,2016-2017,REG,34,0.53,0.458,0,0.234,0,47.83,17.39,0.72,34.06,0,11.96,8.54,14.37
Stanley Johnson,Pistons,2016-2017,REG,77,0.455,0.458,0.266,0.291,0,24.18,16.21,17.58,41.48,0.55,16.54,14.18,17.82
Pierre Jackson,Mavericks,2016-2017,REG,8,0.462,0.2,0.3,0.273,0,33.33,12.82,25.64,28.21,0,13.79,11.62,14.88
Jordan McRae,Cavaliers,2016-2017,REG,37,0.382,0.25,0.65,0.367,0,36.67,16,13.33,32.67,1.33,13.63,12.84,14.12
Ed Davis,Trail Blazers,2016-2017,REG,46,0.532,0.333,0,0,0,97.89,2.11,0,0,0,2.12,1.77,2.51
Dorian Finney-Smith,Mavericks,2016-2017,REG,81,0.536,0.2,0.304,0.298,0,32.93,2.99,6.89,56.29,0.9,16.08,12.22,18.36
Tyler Ennis,"Rockets, Lakers",2016-2017,REG,53,0.51,0.304,0.308,0.391,0,49.04,11.06,6.25,33.17,0.48,12.14,10.34,13.51
KJ McDaniels,"Rockets, Nets",2016-2017,REG,49,0.612,0.182,0.429,0.299,0,50,6.47,4.12,39.41,0,12.11,8.61,15.01
Brandon Rush,Timberwolves,2016-2017,REG,47,0.375,0.3,0.333,0.386,0,21.28,5.32,12.77,60.64,0,17.59,17.51,17.64
Pascal Siakam,Raptors,2016-2017,REG,55,0.563,0.382,0.448,0.167,0,66.18,16.67,14.22,2.94,0,6.52,5.18,7.88
Jason Terry,Bucks,2016-2017,REG,74,0.487,0.421,0.357,0.426,0,16.18,7.88,5.81,70.12,0,19.25,18.72,19.65
Ron Baker,Knicks,2016-2017,REG,52,0.462,0.286,0.48,0.272,0,43.06,6.48,11.57,37.5,1.39,13.72,10.63,15.58
Shabazz Napier,Trail Blazers,2016-2017,REG,53,0.432,0.385,0.441,0.362,0,23.78,7.03,18.38,50.81,0,17.62,16.93,18.07
Quincy Acy,Nets,2016-2017,REG,1,0,0,0,1,0,0,0,0,100,0,25,25,0
Edy Tavares,"Hawks, Cavaliers",2016-2017,REG,2,0.8,0,0,0,0,100,0,0,0,0,3.6,3.25,5
Justin Harper,76ers,2016-2017,REG,3,0.333,1,1,0.286,0,25,8.33,8.33,58.33,0,17.83,16.4,18.86
Patrick McCaw,Warriors,2016-2017,REG,71,0.636,0.313,0.222,0.333,0,35.92,6.53,7.35,50.2,0,15,11.29,17.83
Thon Maker,Bucks,2016-2017,REG,57,0.563,0.385,0.357,0.361,0,44.69,7.26,7.82,40.22,0,12.81,10.05,15.09
Kay Felder,Cavaliers,2016-2017,REG,42,0.431,0.296,0.432,0.318,0,41.14,17.09,27.85,13.92,0,10.99,10.27,11.45
Jarell Martin,Grizzlies,2016-2017,REG,42,0.391,0.429,0.37,0.36,0,60.53,4.61,17.76,16.45,0.66,9.22,8.28,9.8
Anthony Brown,"Pelicans, Magic",2016-2017,REG,11,0.5,0.333,0.5,0.259,0,24,6,16,54,0,17.84,15.17,19.34
Jonas Jerebko,Celtics,2016-2017,REG,78,0.549,0.231,0.625,0.36,0,39.38,5.02,6.18,48.26,1.16,14.97,12.5,16.92
Malik Beasley,Nuggets,2016-2017,REG,22,0.6,0.2,0.4,0.321,0,47.95,6.85,6.85,38.36,0,12.05,8.73,14.8
Kris Dunn,Timberwolves,2016-2017,REG,78,0.472,0.357,0.348,0.288,0,33.87,13.42,29.39,23.32,0,13.37,11.49,14.51
Malachi Richardson,Kings,2016-2017,REG,22,0.5,0.5,0.5,0.296,0,20.59,8.82,29.41,39.71,1.47,18.09,15.61,19.83
Adreian Payne,Timberwolves,2016-2017,REG,18,0.48,0.75,0.5,0.2,0,46.3,7.41,18.52,27.78,0,12.15,9.7,13.97
Tyler Zeller,Celtics,2016-2017,REG,51,0.581,0,0.378,0,0,66.46,4.43,28.48,0.63,0,7.13,5.42,8.8
Tyus Jones,Timberwolves,2016-2017,REG,60,0.508,0.483,0.25,0.361,0,32.6,16.02,11.05,39.78,0.55,14.41,12.45,15.79
Brian Roberts,Hornets,2016-2017,REG,41,0.333,0.3,0.464,0.386,0,24.59,16.39,22.95,36.07,0,15.71,16.35,15.33
Rashad Vaughn,Bucks,2016-2017,REG,41,0.465,0.1,0.455,0.321,0,27.56,6.41,14.1,51.92,0,16.83,14.96,17.91
Johnny O'Bryant III,"Nuggets, Hornets",2016-2017,REG,11,0.583,0.5,0.25,0.5,0,40,26.67,13.33,20,0,10.9,9.47,12.33
Jose Calderon,"Lakers, Hawks",2016-2017,REG,41,0.7,0.286,0.472,0.313,0,14.93,10.45,26.87,47.76,0,18.05,15.93,19.53
Kyle Anderson,Spurs,2016-2017,REG,72,0.53,0.429,0.294,0.395,0,48.08,16.83,16.35,18.27,0.48,10.65,8.34,12.51
Dejounte Murray,Spurs,2016-2017,REG,38,0.5,0.316,0.167,0.391,0,58.62,16.38,5.17,19.83,0,9.22,7.68,10.38
Dragan Bender,Suns,2016-2017,REG,43,0.571,0.5,0.214,0.28,0,26.25,2.5,8.75,62.5,0,17.72,14.32,19.6
Jared Sullinger,Raptors,2016-2017,REG,11,0.471,0.333,0.286,0.167,0,35.42,12.5,14.58,37.5,0,14.81,10.33,16.85
Gary Payton II,Bucks,2016-2017,REG,6,0.545,0.5,0,0.111,0,50,9.09,0,40.91,0,12.36,5.75,16.14
Norris Cole,Thunder,2016-2017,REG,13,0.357,0.3,0.333,0.231,0,26.92,19.23,28.85,25,0,14.38,13.69,14.69
Nicolas Laprovittola,Spurs,2016-2017,REG,18,0.471,1,0.5,0.37,0,36.17,2.13,4.26,57.45,0,15.79,14.15,17
Darrun Hilliard,Pistons,2016-2017,REG,39,0.481,0.471,0.389,0.261,0,21.43,13.49,28.57,36.51,0,16.22,13.55,17.81
Paul Pierce,Clippers,2016-2017,REG,25,0.625,0.556,0.3,0.349,0,11.43,12.86,14.29,61.43,0,19.51,17.64,20.76
Wade Baldwin,Grizzlies,2016-2017,REG,33,0.37,0.32,0.385,0.143,0,47.37,21.93,11.4,18.42,0.88,11.02,8.39,12.23
Henry Ellenson,Pistons,2016-2017,REG,19,0.6,0.2,0.3,0.294,0,23.44,7.81,15.63,53.13,0,17.23,14,19.05
Briante Weber,"Warriors, Hornets",2016-2017,REG,20,0.679,0.273,0.182,0.1,0,46.67,18.33,18.33,16.67,0,10.77,5.44,14.57
Jakob Poeltl,Raptors,2016-2017,REG,54,0.596,0.4,0,0,0,94.78,4.35,0.87,0,0,2.16,1.69,2.81
Maurice Ndour,Knicks,2016-2017,REG,32,0.636,0.3,0.308,0.143,0,52.38,23.81,15.48,8.33,0,8.35,5.21,11.07
Sheldon McClellan,Wizards,2016-2017,REG,30,0.478,0.727,0.364,0.241,0,31.08,14.86,14.86,39.19,0,14.92,12.37,16.66
Jarrett Jack,Pelicans,2016-2017,REG,2,1,0,1,0,0,33.33,0,33.33,33.33,0,14.67,10.5,23
Sasha Vujacic,Knicks,2016-2017,REG,42,0.167,0.2,0.375,0.315,0,8.82,7.35,29.41,53.68,0.74,20.22,21.05,19.85
Andrew Bogut,"Mavericks, Cavaliers",2016-2017,REG,27,0.485,0.417,0,0,0,83.95,14.81,0,1.23,0,3.91,2.97,4.74
Salah Mejri,Mavericks,2016-2017,REG,73,0.702,0.75,0.083,0.333,0,83.21,5.84,8.76,2.19,0,3.58,1.91,6.59
Lavoy Allen,Pacers,2016-2017,REG,61,0.541,0.267,0.37,0,0,58.33,8.93,32.14,0.6,0,8.4,6.71,9.82
Fred VanVleet,Raptors,2016-2017,REG,37,0.351,0.25,0.417,0.393,0,51.82,10.91,10.91,25.45,0.91,11.2,11.18,11.21
Alan Anderson,Clippers,2016-2017,REG,30,0.65,0.125,0.25,0.318,0,25,10,10,55,0,17.06,13.67,19.1
Jeff Withey,Jazz,2016-2017,REG,51,0.536,1,0.333,0,0,94.17,1.94,2.91,0,0.97,2.84,2.09,3.71
Semaj Christon,Thunder,2016-2017,REG,64,0.471,0.333,0.313,0.2,0.125,38.84,18.75,14.29,24.55,3.57,13.57,9.71,15.59
James Michael McAdoo,Warriors,2016-2017,REG,52,0.609,0.385,0.2,0.25,0,73.73,11.02,8.47,6.78,0,5.38,3.06,7.95
Chinanu Onuaku,Rockets,2016-2017,REG,5,0.714,0,0,0,0,100,0,0,0,0,1.71,1.2,3
Marcus Georges-Hunt,"Heat, Magic",2016-2017,REG,5,0.25,0,0,0.5,0,57.14,0,14.29,28.57,0,12,15,10.8
Okaro White,Heat,2016-2017,REG,35,0.457,0.364,0.143,0.353,0,40.23,12.64,8.05,39.08,0,12.92,11.39,13.85
Nicolas Brussino,Mavericks,2016-2017,REG,54,0.65,0.4,0.381,0.309,0,14.18,3.55,14.89,66.67,0.71,20.51,17.33,22.37
James Jones,Cavaliers,2016-2017,REG,48,0.5,0.8,0.385,0.47,0,8.7,5.43,14.13,71.74,0,20.85,20.39,21.27
Axel Toupane,"Bucks, Pelicans",2016-2017,REG,4,1,0,0.75,0.25,0,11.11,0,44.44,44.44,0,19.22,17.2,21.75
Kyle Singler,Thunder,2016-2017,REG,32,0.641,0.25,0.333,0.189,0,46.99,4.82,3.61,44.58,0,12.76,6.56,17.06
Marcelo Huertas,Lakers,2016-2017,REG,23,0.4,0.5,0,0.211,0,36.76,32.35,2.94,27.94,0,12.78,10.16,14.3
Wesley Johnson,Clippers,2016-2017,REG,68,0.629,0.5,0.432,0.259,0,17.77,6.09,18.78,56.85,0.51,18.66,15.25,20.68
DeAndre Bembry,Hawks,2016-2017,REG,37,0.6,0.3,0.8,0.059,0,66.33,10.2,5.1,17.35,1.02,7.71,3.66,11.45
Tomas Satoransky,Wizards,2016-2017,REG,57,0.472,0.48,0.5,0.25,0,49.32,17.12,8.22,24.66,0.68,11.11,8.75,12.8
Christian Wood,Hornets,2016-2017,REG,13,0.706,0,0,0,0,73.91,4.35,0,21.74,0,6.91,0.5,13.91
Omer Asik,Pelicans,2016-2017,REG,31,0.476,0,0,0,0,98.44,1.56,0,0,0,1.22,0.53,1.82
Andrew Nicholson,"Wizards, Nets",2016-2017,REG,38,0.574,0.233,0.571,0.192,0,42.34,27.03,6.31,23.42,0.9,11.66,8.19,13.85
Bryn Forbes,Spurs,2016-2017,REG,36,0.25,0.2,0.536,0.321,0,8.08,10.1,28.28,53.54,0,19.79,20.28,19.51
Kevon Looney,Warriors,2016-2017,REG,53,0.616,0.167,0,0.222,0,80.37,5.61,5.61,8.41,0,4.75,1.75,8.04
Pat Connaughton,Trail Blazers,2016-2017,REG,39,0.655,0,0.143,0.515,0,40.28,4.17,9.72,45.83,0,14.18,12.51,15.94
Miles Plumlee,"Bucks, Hornets",2016-2017,REG,45,0.5,0.25,0,0,0,91.3,8.7,0,0,0,2.68,1.66,3.63
Mike Scott,Hawks,2016-2017,REG,18,0.5,0.308,0.5,0.148,0,24.14,22.41,6.9,46.55,0,15.9,11.06,17.9
Raul Neto,Jazz,2016-2017,REG,40,0.595,0.3,0.333,0.345,0,45.65,10.87,9.78,31.52,2.17,13.07,8.68,16.59
Bobby Brown,Rockets,2016-2017,REG,25,0.222,0.444,0.429,0.4,0,15,15,11.67,58.33,0,19.53,20.26,19.08
DeAndre Liggins,"Cavaliers, Mavericks",2016-2017,REG,62,0.467,0,0.2,0.386,0,52.82,4.23,10.56,30.99,1.41,11.15,8.8,12.63
James Young,Celtics,2016-2017,REG,29,0.733,0.25,0.25,0.324,0,26.32,7.02,7.02,59.65,0,17.47,13.38,20.45
Chris Andersen,Cavaliers,2016-2017,REG,12,0.5,0.5,0.333,0,0,63.64,9.09,13.64,13.64,0,7,3.11,9.69
Greivis Vasquez,Nets,2016-2017,REG,3,0,0.5,0,0.333,0,37.5,25,0,37.5,0,13.75,20.5,11.5
Metta World Peace,Lakers,2016-2017,REG,25,0.462,0.5,0.154,0.243,0,19.12,5.88,19.12,54.41,1.47,19.15,15.89,20.41
Chris McCullough,"Nets, Wizards",2016-2017,REG,16,0.563,1,0.4,0.143,0,50,12.5,15.63,21.88,0,10.44,7.69,13.19
Jake Layman,Trail Blazers,2016-2017,REG,35,0.526,0.2,0.143,0.26,0,21.35,5.62,15.73,56.18,1.12,18.3,14.81,19.75
AJ Hammons,Mavericks,2016-2017,REG,22,0.455,0,0.467,0.5,0,26.19,14.29,35.71,23.81,0,14.79,15.06,14.6
Treveon Graham,Hornets,2016-2017,REG,27,0.429,0.6,0.167,0.6,0,35,12.5,15,37.5,0,13.58,14.53,12.71
Rakeem Christmas,Pacers,2016-2017,REG,28,0.528,0,0,0,0,85.71,9.52,4.76,0,0,3.21,1.58,4.57
Joe Young,Pacers,2016-2017,REG,33,0.533,0.267,0.474,0.227,0,20.83,20.83,26.39,30.56,1.39,15.78,13.27,17.2
Demetrius Jackson,Celtics,2016-2017,REG,5,1,0,0.5,1,0,25,0,50,25,0,14.5,14,16
Manny Harris,Mavericks,2016-2017,REG,4,0.25,1,0,0,0,53.33,6.67,26.67,13.33,0,9.87,3,11.58
Gary Neal,Hawks,2016-2017,REG,2,0,0,0,0,0,0,14.29,57.14,28.57,0,19.14,0,19.14
Tim Quarterman,Trail Blazers,2016-2017,REG,16,0.625,0.25,0.5,0.455,0,29.63,14.81,14.81,40.74,0,15.26,14.15,16.29
Damian Jones,Warriors,2016-2017,REG,10,0.778,0,0.143,0,0,56.25,0,43.75,0,0,8,2.75,13.25
Marshall Plumlee,Knicks,2016-2017,REG,21,0.577,0,0.333,0,0,89.66,0,10.34,0,0,3.59,2.44,5
Joel Bolomboy,Jazz,2016-2017,REG,12,0.727,0,0,0.25,0,68.75,0,6.25,25,0,8.19,3.89,13.71
Damjan Rudez,Magic,2016-2017,REG,45,0.6,0.5,0.4,0.313,0,5.68,4.55,17.05,72.73,0,21.85,20.74,22.46
Udonis Haslem,Heat,2016-2017,REG,17,0.688,0,0,0,0,69.57,0,17.39,13.04,0,7.52,1.73,12.83
Lamar Patterson,Hawks,2016-2017,REG,5,0.143,0.5,0,0.167,0,46.67,13.33,0,40,0,12.47,11.33,12.75
John Jenkins,Suns,2016-2017,REG,4,0,0,0.333,0.5,0,0,0,60,40,0,21.2,23,20
Jordan Hill,Timberwolves,2016-2017,REG,7,0.429,0,0.667,0,0,53.85,23.08,23.08,0,0,7.54,7.2,7.75
Cole Aldrich,Timberwolves,2016-2017,REG,62,0.536,0,0,0,0,97.67,2.33,0,0,0,2.58,1.8,3.44
Nick Collison,Thunder,2016-2017,REG,20,0.706,0.25,1,0,0,73.91,17.39,4.35,4.35,0,4.78,3.29,7.11
Deyonta Davis,Grizzlies,2016-2017,REG,36,0.622,0,0.111,0,0,78.72,2.13,19.15,0,0,4.85,1.79,8.04
Bruno Caboclo,Raptors,2016-2017,REG,9,0.286,0,0.667,0.333,0,43.75,0,18.75,37.5,0,13.31,14.5,12.6
Ryan Kelly,Hawks,2016-2017,REG,16,0.2,0.5,0.167,0.4,0,35.71,7.14,21.43,35.71,0,14.79,15.75,14.4
Jordan Mickey,Celtics,2016-2017,REG,25,0.481,0,0.4,0,0,79.41,2.94,14.71,2.94,0,4.82,3,6.26
Jarnell Stokes,Nuggets,2016-2017,REG,2,1,0,0,0,0,100,0,0,0,0,1,1,0
Elijah Millsap,Suns,2016-2017,REG,2,0.5,0,0,0,0,28.57,14.29,28.57,28.57,0,13.57,2,15.5
Diamond Stone,Clippers,2016-2017,REG,7,0.2,0,0.5,0,0,38.46,30.77,30.77,0,0,9.77,12,9.1
Mike Miller,Nuggets,2016-2017,REG,20,0.5,0,0,0.4,0,8.7,0,4.35,86.96,0,23,23,23
Brice Johnson,Clippers,2016-2017,REG,3,0.333,0,0,0,0,85.71,14.29,0,0,0,5.14,1,6.8
Joel Anthony,Spurs,2016-2017,REG,19,0.692,0.333,0,0,0,81.25,18.75,0,0,0,3.38,2.5,4.83
Anderson Varejao,Warriors,2016-2017,REG,14,0.273,0.667,0,0,0,78.57,21.43,0,0,0,4.5,5.4,4
Daniel Ochefu,Wizards,2016-2017,REG,19,0.476,0.4,0,0,0,77.78,18.52,3.7,0,0,3.44,2.17,4.47
Stephen Zimmerman,Magic,2016-2017,REG,19,0.412,0.2,0.25,0,0,54.84,32.26,12.9,0,0,7.65,5.3,8.76
Ronnie Price,Suns,2016-2017,REG,14,0,0.5,0,0.176,0,12.5,8.33,8.33,70.83,0,20.71,20.5,20.75
Mike Tobey,Hornets,2016-2017,REG,2,0.333,0,0,0,0,75,0,25,0,0,5.25,1,6.67
CJ Wilcox,Magic,2016-2017,REG,22,0,1,0.364,0.2,0,12.9,3.23,35.48,48.39,0,18.97,19.88,18.65
Kyle Wiltjer,Rockets,2016-2017,REG,14,0,0,0,0.308,0,0,0,7.14,92.86,0,25.14,26.5,24.6
Georges Niang,Pacers,2016-2017,REG,23,0.421,0,0,0.083,0,52.78,11.11,2.78,33.33,0,11.56,4.89,13.78
Alonzo Gee,Nuggets,2016-2017,REG,13,0.429,0,0,0,0,53.85,23.08,0,23.08,0,10.31,0.67,13.2
Larry Sanders,Cavaliers,2016-2017,REG,5,0.25,0,0,0,0,100,0,0,0,0,2.25,0,3
Isaiah Taylor,Rockets,2016-2017,REG,4,0,0,1,0,0,57.14,0,14.29,28.57,0,11.29,16,10.5
Steve Novak,Bucks,2016-2017,REG,8,0,1,0,0.167,0,0,14.29,0,85.71,0,22.86,15.5,25.8
Arinze Onuaku,Magic,2016-2017,REG,8,1,0,0,0,0,50,50,0,0,0,7.75,5.5,10
Michael Gbinije,Pistons,2016-2017,REG,9,0.25,0,0,0,0,40,0,20,40,0,13.8,0,15.33
John Lucas III,Timberwolves,2016-2017,REG,5,1,0,0,0,0,25,50,0,25,0,13,1,17
Aaron Harrison,Hornets,2016-2017,REG,5,0,0,0,0,0,0,0,50,50,0,21.75,0,21.75
Patricio Garino,Magic,2016-2017,REG,5,0,0,0,0,0,0,0,28.57,71.43,0,22.43,0,22.43
Danuel House,Wizards,2016-2017,REG,1,0,0,0,0,0,0,0,0,0,0,0,0,0
Ben Bentil,Mavericks,2016-2017,REG,3,0,0,0,0,0,33.33,0,33.33,33.33,0,15,0,15
RJ Hunter,Bulls,2016-2017,REG,3,0,0,0,0,0,0,0,0,100,0,24,0,24